{"cameraMode":{"drawMode":0,"name":"Shaded","section":"Shading Mode"},"sceneLighting":true,"audioPlay":false,"sceneViewState":{"showFog":false,"showMaterialUpdate":false,"showSkybox":false,"showFlares":false,"showImageEffects":false,"showParticleSystems":false},"in2DMode":false,"pivot":{"x":23.820995330810548,"y":47.260589599609378,"z":51.712196350097659},"rotation":{"x":-0.4036843776702881,"y":-0.08162175863981247,"z":0.03618685528635979,"w":-0.9105324149131775},"size":156.8866424560547,"orthographic":false}