{"cameraMode":{"drawMode":0,"name":"Shaded","section":"Shading Mode"},"sceneLighting":false,"audioPlay":false,"sceneViewState":{"showFog":false,"showMaterialUpdate":false,"showSkybox":false,"showFlares":false,"showImageEffects":false,"showParticleSystems":false},"in2DMode":false,"pivot":{"x":881.2802734375,"y":258.8772888183594,"z":-0.541015625},"rotation":{"x":0.005689915269613266,"y":0.009596922434866429,"z":0.00005449713717098348,"w":-0.9999377727508545},"size":1711.037841796875,"orthographic":false}